date,sha,backend,frontend,merged
2026-08-08 05:53,b476d9a,63,98,81
2026-08-08 06:24,fc1abae,63,99,81
2026-08-08 06:58,42fddce,66,99,82
2026-08-08 07:24,74b156d,68,98,83
2026-08-08 07:53,9f8f9fe,68,97,82
2026-08-08 07:53,6f72676,68,97,82
2026-08-08 08:44,873e82f,68,97,82
2026-08-08 09:08,1b38fa5,68,97,82
2026-08-08 10:37,99bc04b,68,96,82
2026-08-08 11:01,56b1aa4,69,96,82
2026-08-08 11:44,f6bb348,69,96,83
2026-08-08 12:55,d651682,69,97,83
2026-08-09 07:39,b4da905,70,97,83
2026-08-09 07:43,8ac6f83,70,97,83
2026-08-09 07:51,262ab59,70,97,83
2026-08-09 08:49,842b43a,73,92,82
2026-08-09 09:10,e6935fb,67,85,76
2026-08-09 09:31,150e17a,66,82,74
2026-08-09 09:54,7c6df40,65,82,74
2026-08-09 11:03,7464949,65,82,74
2026-08-09 11:32,2f4ba86,64,82,73
2026-08-09 12:13,aa0729c,64,82,73
2026-08-09 16:02,b0eea98,63,83,73
2026-08-11 05:33,0d00eb5,63,83,73
2026-08-11 06:36,f482399,67,81,74
2026-08-11 07:58,866eeaa,69,79,74
2026-08-11 08:12,992bacd,69,79,74
2026-08-11 08:27,e63089f,69,79,74
2026-08-11 08:36,be17611,69,79,74
2026-08-11 08:46,92d2f61,69,79,74
2026-08-11 09:58,3bb0151,69,79,74
2026-08-11 10:34,ff48a5d,69,79,74
2026-08-11 11:39,6083e5d,69,79,74
2026-08-11 11:59,94dd9a6,69,79,74
2026-08-12 04:00,4968c85,69,79,74
2026-08-12 04:45,0280de8,69,79,74
2026-08-12 05:16,10c3cb6,71,79,75
2026-08-12 06:09,81777f3,72,78,75
2026-08-12 10:40,70f82aa,76,76,76
2026-08-12 12:28,adb093a,77,76,76
2026-08-12 17:58,f6ade0e,77,76,76
2026-08-13 04:10,fc07569,77,74,76
2026-08-13 04:47,d9fac15,77,73,75
2026-08-13 05:40,469590d,77,74,76
2026-08-13 06:09,1e28fe1,77,74,76
2026-08-13 06:30,7bbf611,77,74,76
2026-08-13 06:56,cc8471c,77,74,76
2026-08-13 11:05,c0bfb9e,77,74,76
2026-08-13 18:22,be1e0d9,77,74,76
2026-08-15 07:48,243a7e7,81,73,77
2026-08-15 08:21,06026c7,81,73,77
2026-08-15 11:35,99e3437,81,73,77
2026-08-16 05:59,e237bd8,82,71,77
2026-08-16 06:31,58e0907,82,71,77
2026-08-16 12:00,e098603,83,71,77
2026-08-17 04:53,e4760f8,83,71,77
2026-08-18 04:39,14e5799,83,70,77
2026-08-18 07:59,b68d2af,84,71,77
2026-08-18 12:55,7511aa6,84,70,77
2026-08-19 06:49,f0c4009,84,71,78
2026-08-20 04:11,0ff54db,85,71,78
2026-08-20 04:21,81aab7f,85,71,78
2026-08-20 04:29,f7fd30f,85,71,78
2026-08-20 04:54,dd342fe,85,71,78
2026-08-20 05:03,327ea71,85,71,78
2026-08-22 10:37,0da467c,86,70,78
2026-08-22 10:52,4e75c25,86,70,78
